Experiment,TotalIntensity,MedianIntensity,MADIntensity,MeanIntensity,SDIntensity
Exp97_C4,184.77703989165138,0.20870531970333467,,0.238730025699808,0.08815234610505394
Exp97_C5,120.10109656181223,0.1871350211192611,,0.2114455925384018,0.07753809189725164
Exp97_C7,223.80597832291352,0.2509947945584514,0.04383016319953613,0.2884097658800432,0.10778475501456246
